{
    "template": "habakkuk-*",
    "settings" : {
        "index" : {
            "number_of_shards" : 1,
            "number_of_replicas" : 0,
            "query" : { "default_field" : "text" },
            "store" : { "compress" : { "stored" : true, "tv": true } }
        }
    },
    "mappings": {
        "habakkuk": { 
            "_all": { "enabled": false },
            "_source": { "compress": true },
            "_id" : { "path" : "tweetid"},
            "dynamic_templates": [
                {
                    "string_template" : { 
                        "match" : "*",
                        "mapping": { "type": "string", "index": "not_analyzed" },
                        "match_mapping_type" : "string"
                     } 
                 }
             ],
             "properties" : {
                "text":{
                    "type":"string", 
                    "index":"analyzed",
                    "term_vector":"with_positions_offsets"
                },
                "verse":{"type":"string","index": "not_analyzed"},
                "book":{"type":"string","index": "not_analyzed"},
                "bibleverse":{"type":"string","index": "not_analyzed"},
                "created_at_date":{ "type" : "date", "index" : "not_analyzed" },
                "created_at":{ "type" : "date", "index" : "not_analyzed" },
                "tweetid":{"type":"string", "store":"no"}
            }
        }
    }
}
